dataset_name,exam_year,school_year,bhnapi_students,single_race_students,tr_urg_students,tr_tot_students,cdo_multiplier
ap_urg_calc,2016,2015-16,581,1513,62,102,1.582903040734366
ap_urg_calc,2017,2016-17,19680,47520,2371,3521,1.6259862428218148
ap_urg_calc,2018,2017-18,66263,155565,8863,12459,1.6700841812924914
ap_urg_calc,2019,2018-19,110591,259849,14643,20552,1.6740839621044623
ap_urg_calc,2020,2019-20,131548,296671,16624,23256,1.6120976960970763
ap_urg_calc,2021,2020-21,127830,285949,14222,20501,1.55182027533298
ap_urg_calc,2022,2021-22,143680,303171,15731,22242,1.4923607955859708
ap_urg_calc,2023,2022-23,135704,281042,14835,21213,1.4483183628100436